[
    {
        "id": 322,
        "countryName": "Chile",
        "cssClass": "flag chili",
        "countryCode": "Chili",
        "countryCount": 3591,
        "auctionDisplay": false,
        "auctionId": "",
        "auctionShortName": "",
        "auctionName": "",
        "specialOffer": false,
        "specialOfferTotal": "",
        "is_count": true,
        "showReservedTag": 0,
        "isAuctionSheetDisplay": 0
    },
    {
        "id": 589,
        "countryName": "Jamaica",
        "cssClass": "flag jamaica",
        "countryCode": "",
        "countryCount": 462,
        "auctionDisplay": false,
        "auctionId": "",
        "auctionShortName": "",
        "auctionName": "",
        "specialOffer": false,
        "specialOfferTotal": "",
        "is_count": true,
        "showReservedTag": 0,
        "isAuctionSheetDisplay": 0
    },
    {
        "id": 20,
        "countryName": "Kenya",
        "cssClass": "flag kenya",
        "countryCode": "KEN",
        "countryCount": 339,
        "auctionDisplay": false,
        "auctionId": "",
        "auctionShortName": "",
        "auctionName": "",
        "specialOffer": false,
        "specialOfferTotal": "",
        "is_count": true,
        "showReservedTag": 0,
        "isAuctionSheetDisplay": 0
    },
    {
        "id": 353,
        "countryName": "Lesotho",
        "cssClass": "flag lesotho",
        "countryCode": "",
        "countryCount": 432,
        "auctionDisplay": false,
        "auctionId": "",
        "auctionShortName": "",
        "auctionName": "",
        "specialOffer": false,
        "specialOfferTotal": "",
        "is_count": true,
        "showReservedTag": 0,
        "isAuctionSheetDisplay": 0
    },
    {
        "id": 212,
        "countryName": "Namibia",
        "cssClass": "flag namibia",
        "countryCode": "NAM",
        "countryCount": 2899,
        "auctionDisplay": false,
        "auctionId": "",
        "auctionShortName": "",
        "auctionName": "",
        "specialOffer": false,
        "specialOfferTotal": "",
        "is_count": true,
        "showReservedTag": 0,
        "isAuctionSheetDisplay": 0
    },
    {
        "id": 486,
        "countryName": "New-Zealand",
        "cssClass": "flag newzealand",
        "countryCode": "NZ",
        "countryCount": 1074,
        "auctionDisplay": false,
        "auctionId": "",
        "auctionShortName": "",
        "auctionName": "",
        "specialOffer": false,
        "specialOfferTotal": "",
        "is_count": true,
        "showReservedTag": 0,
        "isAuctionSheetDisplay": 0
    },
    {
        "id": 282,
        "countryName": "Pakistan",
        "cssClass": "flag pakistan",
        "countryCode": "PK",
        "countryCount": 528,
        "auctionDisplay": false,
        "auctionId": "",
        "auctionShortName": "",
        "auctionName": "",
        "specialOffer": false,
        "specialOfferTotal": "",
        "is_count": true,
        "showReservedTag": 0,
        "isAuctionSheetDisplay": 0
    },
    {
        "id": 14,
        "countryName": "S.Africa Durban",
        "cssClass": "flag south-africa",
        "countryCode": "S.A",
        "countryCount": 4650,
        "auctionDisplay": false,
        "auctionId": "",
        "auctionShortName": "",
        "auctionName": "",
        "specialOffer": false,
        "specialOfferTotal": "",
        "is_count": true,
        "showReservedTag": 0,
        "isAuctionSheetDisplay": 0
    },
    {
        "id": 209,
        "countryName": "S.Africa Messina",
        "cssClass": "flag south-africa",
        "countryCode": "S.A",
        "countryCount": 1676,
        "auctionDisplay": false,
        "auctionId": "",
        "auctionShortName": "",
        "auctionName": "",
        "specialOffer": false,
        "specialOfferTotal": "",
        "is_count": true,
        "showReservedTag": 0,
        "isAuctionSheetDisplay": 0
    },
    {
        "id": 10,
        "countryName": "Tanzania",
        "cssClass": "flag tanzania",
        "countryCode": "TAN",
        "countryCount": 2925,
        "auctionDisplay": false,
        "auctionId": "",
        "auctionShortName": "",
        "auctionName": "",
        "specialOffer": false,
        "specialOfferTotal": "",
        "is_count": true,
        "showReservedTag": 0,
        "isAuctionSheetDisplay": 0
    },
    {
        "id": 267,
        "countryName": "Thailand",
        "cssClass": "flag thailand",
        "countryCode": "Toyama",
        "countryCount": 3565,
        "auctionDisplay": false,
        "auctionId": "",
        "auctionShortName": "",
        "auctionName": "",
        "specialOffer": false,
        "specialOfferTotal": "",
        "is_count": true,
        "showReservedTag": 0,
        "isAuctionSheetDisplay": 0
    },
    {
        "id": 213,
        "countryName": "Tokyo Japan",
        "cssClass": "flag japan",
        "countryCode": "BOT",
        "countryCount": 2615,
        "auctionDisplay": false,
        "auctionId": "",
        "auctionShortName": "",
        "auctionName": "",
        "specialOffer": false,
        "specialOfferTotal": "",
        "is_count": true,
        "showReservedTag": 0,
        "isAuctionSheetDisplay": 0
    },
    {
        "id": 17,
        "countryName": "U.A.E",
        "cssClass": "flag uae",
        "countryCode": "UAE",
        "countryCount": 458,
        "auctionDisplay": true,
        "auctionId": 2981,
        "auctionShortName": "Dubai Live Auction",
        "auctionName": "Dubai Auction 27-01-2024",
        "specialOffer": false,
        "specialOfferTotal": "",
        "is_count": false,
        "showReservedTag": 1,
        "isAuctionSheetDisplay": 1
    },
    {
        "id": 21,
        "countryName": "U.K",
        "cssClass": "flag uk",
        "countryCode": "UK",
        "countryCount": 456,
        "auctionDisplay": false,
        "auctionId": "",
        "auctionShortName": "",
        "auctionName": "",
        "specialOffer": false,
        "specialOfferTotal": "",
        "is_count": true,
        "showReservedTag": 0,
        "isAuctionSheetDisplay": 0
    },
    {
        "id": 279,
        "countryName": "Uganda",
        "cssClass": "flag uganda",
        "countryCode": "Uganda",
        "countryCount": 735,
        "auctionDisplay": false,
        "auctionId": "",
        "auctionShortName": "",
        "auctionName": "",
        "specialOffer": false,
        "specialOfferTotal": "",
        "is_count": true,
        "showReservedTag": 0,
        "isAuctionSheetDisplay": 0
    },
    {
        "id": 12,
        "countryName": "Zambia",
        "cssClass": "flag zambia",
        "countryCode": "ZAM",
        "countryCount": 2832,
        "auctionDisplay": false,
        "auctionId": "",
        "auctionShortName": "",
        "auctionName": "",
        "specialOffer": false,
        "specialOfferTotal": "",
        "is_count": true,
        "showReservedTag": 0,
        "isAuctionSheetDisplay": 0
    },
    {
        "id": 20000,
        "countryName": "Philippines",
        "cssClass": "flag Philippines",
        "countryCode": "PH",
        "countryCount": 8162,
        "auctionDisplay": false,
        "auctionId": "",
        "auctionShortName": "",
        "auctionName": "",
        "specialOffer": false,
        "specialOfferTotal": "",
        "is_count": true,
        "showReservedTag": 0,
        "isAuctionSheetDisplay": 0
    },
    {
        "id": 462,
        "countryName": "Philippines-jans",
        "cssClass": "flag philippines",
        "country_code": "PJ",
        "countryCount": 1462,
        "auctionDisplay": true,
        "auctionId": 2919,
        "auctionShortName": "Philippines Live Auction",
        "auctionName": "Philippines Live Auction FEB 01",
        "specialOffer": false,
        "specialOfferTotal": "",
        "is_count": true,
        "show_reserved_tag": 0,
        "is_auction_sheet_display": 0
    },
    {
        "id": 524,
        "countryName": "Philippines Davao",
        "cssClass": "flag philippines",
        "country_code": "",
        "countryCount": 2803,
        "auctionDisplay": false,
        "auctionId": "",
        "auctionShortName": "",
        "auctionName": "",
        "specialOffer": false,
        "specialOfferTotal": "",
        "is_count": true,
        "show_reserved_tag": 0,
        "is_auction_sheet_display": 0
    },
    {
        "id": 580,
        "countryName": "Philippines Cebu",
        "cssClass": "flag philippines",
        "country_code": "",
        "countryCount": 2093,
        "auctionDisplay": false,
        "auctionId": "",
        "auctionShortName": "",
        "auctionName": "",
        "specialOffer": false,
        "specialOfferTotal": "",
        "is_count": true,
        "show_reserved_tag": 0,
        "is_auction_sheet_display": 0
    },
    {
        "id": 635,
        "countryName": "Philippines CDO",
        "cssClass": "flag philippines",
        "country_code": "PCDO",
        "countryCount": 1071,
        "auctionDisplay": false,
        "auctionId": "",
        "auctionShortName": "",
        "auctionName": "",
        "specialOffer": false,
        "specialOfferTotal": "",
        "is_count": true,
        "show_reserved_tag": 0,
        "is_auction_sheet_display": 0
    },
    {
        "id": 785,
        "countryName": "Philippines Manila Container",
        "cssClass": "flag philippines",
        "country_code": "PMCO",
        "countryCount": 733,
        "auctionDisplay": false,
        "auctionId": "",
        "auctionShortName": "",
        "auctionName": "",
        "specialOffer": false,
        "specialOfferTotal": "",
        "is_count": true,
        "show_reserved_tag": 0,
        "is_auction_sheet_display": 0
    }
]